{
  "project_info": {
    "project_number": "663004321585",
    "firebase_url": "https://doctor-appointment-app-bbcf1.firebaseio.com",
    "project_id": "doctor-appointment-app-bbcf1",
    "storage_bucket": "doctor-appointment-app-bbcf1.appspot.com"
  },
  "client": [
    {
      "client_info": {
        "mobilesdk_app_id": "1:663004321585:android:2f56c412946b77f913c210",
        "android_client_info": {
          "package_name": "com.docapp.DoctorAppointmentApp"
        }
      },
      "oauth_client": [
        {
          "client_id": "663004321585-5kctljnnn1nmnn2dq4ul9f303gaig64n.apps.googleusercontent.com",
          "client_type": 3
        }
      ],
      "api_key": [
        {
          "current_key": "AIzaSyC78Knh1KzH3Ulyh18FbujoQpVSd7Tyjic"
        }
      ],
      "services": {
        "appinvite_service": {
          "other_platform_oauth_client": [
            {
              "client_id": "663004321585-5kctljnnn1nmnn2dq4ul9f303gaig64n.apps.googleusercontent.com",
              "client_type": 3
            }
          ]
        }
      }
    }
  ],
  "configuration_version": "1"
}